{"132622201609290759580001_261.jpg602015":{"filename":"132622201609290759580001_261.jpg","size":602015,"regions":[{"shape_attributes":{"name":"rect","x":1105,"y":692,"width":97,"height":92},"region_attributes":{"vehicle_type":"4","license_number":"unknown","license_color":"0"}},{"shape_attributes":{"name":"rect","x":1291,"y":688,"width":125,"height":153},"region_attributes":{"vehicle_type":"3","license_number":"unknown","license_color":"0"}},{"shape_attributes":{"name":"rect","x":1238,"y":711,"width":36,"height":81},"region_attributes":{"vehicle_type":"0","license_number":"unknown","license_color":"5"}}],"file_attributes":{}},"132622201609290759580001_262.jpg590277":{"filename":"132622201609290759580001_262.jpg","size":590277,"regions":[{"shape_attributes":{"name":"rect","x":1255,"y":729,"width":122,"height":161},"region_attributes":{"vehicle_type":"3","license_number":"unknown","license_color":"0"}},{"shape_attributes":{"name":"rect","x":1487,"y":746,"width":224,"height":288},"region_attributes":{"vehicle_type":"9","license_number":"unknown","license_color":"1"}}],"file_attributes":{}},"132622201609290759580001_263.jpg606698":{"filename":"132622201609290759580001_263.jpg","size":606698,"regions":[{"shape_attributes":{"name":"rect","x":1027,"y":738,"width":113,"height":99},"region_attributes":{"vehicle_type":"1","license_number":"unknown","license_color":"0"}},{"shape_attributes":{"name":"rect","x":431,"y":896,"width":276,"height":177},"region_attributes":{"vehicle_type":"1","license_number":"unknown","license_color":"5"}},{"shape_attributes":{"name":"rect","x":1233,"y":703,"width":51,"height":85},"region_attributes":{"vehicle_type":"0","license_number":"unknown","license_color":"5"}}],"file_attributes":{}},"132622201609290759580001_264.jpg604770":{"filename":"132622201609290759580001_264.jpg","size":604770,"regions":[{"shape_attributes":{"name":"rect","x":862,"y":755,"width":152,"height":113},"region_attributes":{"vehicle_type":"1","license_number":"unknown","license_color":"0"}},{"shape_attributes":{"name":"rect","x":1067,"y":735,"width":104,"height":98},"region_attributes":{"vehicle_type":"1","license_number":"unknown","license_color":"0"}},{"shape_attributes":{"name":"rect","x":1181,"y":682,"width":75,"height":61},"region_attributes":{"vehicle_type":"1","license_number":"unknown","license_color":"0"}}],"file_attributes":{}},"132622201609290759580001_265.jpg605562":{"filename":"132622201609290759580001_265.jpg","size":605562,"regions":[{"shape_attributes":{"name":"rect","x":1157,"y":685,"width":79,"height":70},"region_attributes":{"vehicle_type":"1","license_number":"unknown","license_color":"0"}}],"file_attributes":{}},"132622201609290759580001_266.jpg600790":{"filename":"132622201609290759580001_266.jpg","size":600790,"regions":[{"shape_attributes":{"name":"rect","x":530,"y":881,"width":259,"height":175},"region_attributes":{"vehicle_type":"1","license_number":"unknown","license_color":"0"}},{"shape_attributes":{"name":"rect","x":1151,"y":688,"width":82,"height":76},"region_attributes":{"vehicle_type":"1","license_number":"unknown","license_color":"5"}}],"file_attributes":{}},"132622201609290759580001_267.jpg604546":{"filename":"132622201609290759580001_267.jpg","size":604546,"regions":[{"shape_attributes":{"name":"rect","x":894,"y":801,"width":165,"height":132},"region_attributes":{"vehicle_type":"1","license_number":"unknown","license_color":"0"}}],"file_attributes":{}},"132622201609290759580001_268.jpg600706":{"filename":"132622201609290759580001_268.jpg","size":600706,"regions":[{"shape_attributes":{"name":"rect","x":1062,"y":716,"width":132,"height":127},"region_attributes":{"vehicle_type":"1","license_number":"unknown","license_color":"0"}}],"file_attributes":{}},"132622201609290759580001_269.jpg599781":{"filename":"132622201609290759580001_269.jpg","size":599781,"regions":[],"file_attributes":{}},"132622201609290759580001_270.jpg615271":{"filename":"132622201609290759580001_270.jpg","size":615271,"regions":[{"shape_attributes":{"name":"rect","x":525,"y":861,"width":264,"height":196},"region_attributes":{"vehicle_type":"1","license_number":"unknown","license_color":"0"}},{"shape_attributes":{"name":"rect","x":859,"y":826,"width":187,"height":167},"region_attributes":{"vehicle_type":"1","license_number":"unknown","license_color":"0"}},{"shape_attributes":{"name":"rect","x":1138,"y":693,"width":83,"height":82},"region_attributes":{"vehicle_type":"1","license_number":"unknown","license_color":"0"}},{"shape_attributes":{"name":"rect","x":1106,"y":677,"width":64,"height":56},"region_attributes":{"vehicle_type":"1","license_number":"unknown","license_color":"0"}}],"file_attributes":{}},"132622201609290759580001_271.jpg613067":{"filename":"132622201609290759580001_271.jpg","size":613067,"regions":[{"shape_attributes":{"name":"rect","x":560,"y":859,"width":248,"height":167},"region_attributes":{"vehicle_type":"1","license_number":"unknown","license_color":"0"}},{"shape_attributes":{"name":"rect","x":1154,"y":631,"width":88,"height":114},"region_attributes":{"vehicle_type":"11","license_number":"unknown","license_color":"0"}},{"shape_attributes":{"name":"rect","x":687,"y":919,"width":278,"height":159},"region_attributes":{"vehicle_type":"1","license_number":"unknown","license_color":"5"}}],"file_attributes":{}},"132622201609290759580001_272.jpg601925":{"filename":"132622201609290759580001_272.jpg","size":601925,"regions":[{"shape_attributes":{"name":"rect","x":812,"y":728,"width":54,"height":82},"region_attributes":{"vehicle_type":"6","license_number":"unknown","license_color":"5"}}],"file_attributes":{}},"132622201609290759580001_273.jpg587930":{"filename":"132622201609290759580001_273.jpg","size":587930,"regions":[{"shape_attributes":{"name":"rect","x":1537,"y":698,"width":210,"height":209},"region_attributes":{"vehicle_type":"9","license_number":"unknown","license_color":"1"}}],"file_attributes":{}},"132622201609290759580001_274.jpg605819":{"filename":"132622201609290759580001_274.jpg","size":605819,"regions":[{"shape_attributes":{"name":"rect","x":925,"y":709,"width":86,"height":70},"region_attributes":{"vehicle_type":"6","license_number":"unknown","license_color":"0"}},{"shape_attributes":{"name":"rect","x":690,"y":929,"width":263,"height":142},"region_attributes":{"vehicle_type":"1","license_number":"unknown","license_color":"0"}},{"shape_attributes":{"name":"rect","x":262,"y":976,"width":308,"height":99},"region_attributes":{"vehicle_type":"1","license_number":"unknown","license_color":"5"}}],"file_attributes":{}},"132622201609290759580001_275.jpg602294":{"filename":"132622201609290759580001_275.jpg","size":602294,"regions":[{"shape_attributes":{"name":"rect","x":1232,"y":703,"width":75,"height":76},"region_attributes":{"vehicle_type":"6","license_number":"unknown","license_color":"5"}}],"file_attributes":{}},"132622201609290759580001_276.jpg606193":{"filename":"132622201609290759580001_276.jpg","size":606193,"regions":[{"shape_attributes":{"name":"rect","x":856,"y":767,"width":151,"height":110},"region_attributes":{"vehicle_type":"1","license_number":"unknown","license_color":"0"}}],"file_attributes":{}},"132622201609290759580001_277.jpg617613":{"filename":"132622201609290759580001_277.jpg","size":617613,"regions":[{"shape_attributes":{"name":"rect","x":815,"y":871,"width":216,"height":188},"region_attributes":{"vehicle_type":"1","license_number":"unknown","license_color":"0"}},{"shape_attributes":{"name":"rect","x":1118,"y":701,"width":95,"height":77},"region_attributes":{"vehicle_type":"1","license_number":"unknown","license_color":"0"}},{"shape_attributes":{"name":"rect","x":403,"y":928,"width":291,"height":143},"region_attributes":{"vehicle_type":"1","license_number":"unknown","license_color":"0"}}],"file_attributes":{}},"132622201609290759580001_278.jpg607024":{"filename":"132622201609290759580001_278.jpg","size":607024,"regions":[{"shape_attributes":{"name":"rect","x":1238,"y":815,"width":177,"height":167},"region_attributes":{"vehicle_type":"1","license_number":"unknown","license_color":"0"}},{"shape_attributes":{"name":"rect","x":1105,"y":659,"width":95,"height":73},"region_attributes":{"vehicle_type":"1","license_number":"unknown","license_color":"0"}},{"shape_attributes":{"name":"rect","x":313,"y":833,"width":98,"height":130},"region_attributes":{"vehicle_type":"6","license_number":"unknown","license_color":"5"}}],"file_attributes":{}},"132622201609290759580001_279.jpg601020":{"filename":"132622201609290759580001_279.jpg","size":601020,"regions":[],"file_attributes":{}},"132622201609290759580001_280.jpg599853":{"filename":"132622201609290759580001_280.jpg","size":599853,"regions":[{"shape_attributes":{"name":"rect","x":1054,"y":693,"width":37,"height":54},"region_attributes":{"vehicle_type":"0","license_number":"unknown","license_color":"5"}},{"shape_attributes":{"name":"rect","x":1436,"y":709,"width":94,"height":110},"region_attributes":{"vehicle_type":"1","license_number":"unknown","license_color":"0"}}],"file_attributes":{}},"132622201609290759580001_281.jpg598864":{"filename":"132622201609290759580001_281.jpg","size":598864,"regions":[{"shape_attributes":{"name":"rect","x":1161,"y":680,"width":45,"height":72},"region_attributes":{"vehicle_type":"0","license_number":"unknown","license_color":"5"}}],"file_attributes":{}},"132622201609290759580001_282.jpg597755":{"filename":"132622201609290759580001_282.jpg","size":597755,"regions":[{"shape_attributes":{"name":"rect","x":1223,"y":685,"width":44,"height":72},"region_attributes":{"vehicle_type":"0","license_number":"unknown","license_color":"5"}},{"shape_attributes":{"name":"rect","x":1417,"y":731,"width":113,"height":113},"region_attributes":{"vehicle_type":"1","license_number":"unknown","license_color":"0"}}],"file_attributes":{}},"132622201609290759580001_283.jpg598266":{"filename":"132622201609290759580001_283.jpg","size":598266,"regions":[{"shape_attributes":{"name":"rect","x":1242,"y":686,"width":36,"height":72},"region_attributes":{"vehicle_type":"0","license_number":"unknown","license_color":"0"}}],"file_attributes":{}},"132622201609290759580001_284.jpg577913":{"filename":"132622201609290759580001_284.jpg","size":577913,"regions":[{"shape_attributes":{"name":"rect","x":954,"y":723,"width":441,"height":348},"region_attributes":{"vehicle_type":"2","license_number":"unknown","license_color":"5"}},{"shape_attributes":{"name":"rect","x":1423,"y":741,"width":92,"height":111},"region_attributes":{"vehicle_type":"1","license_number":"unknown","license_color":"3"}},{"shape_attributes":{"name":"rect","x":1584,"y":666,"width":145,"height":186},"region_attributes":{"vehicle_type":"9","license_number":"unknown","license_color":"1"}}],"file_attributes":{}},"132622201609290759580001_285.jpg603577":{"filename":"132622201609290759580001_285.jpg","size":603577,"regions":[{"shape_attributes":{"name":"rect","x":1436,"y":696,"width":105,"height":96},"region_attributes":{"vehicle_type":"1","license_number":"unknown","license_color":"0"}},{"shape_attributes":{"name":"rect","x":1244,"y":681,"width":32,"height":86},"region_attributes":{"vehicle_type":"0","license_number":"unknown","license_color":"5"}}],"file_attributes":{}},"132622201609290759580001_286.jpg599047":{"filename":"132622201609290759580001_286.jpg","size":599047,"regions":[{"shape_attributes":{"name":"rect","x":1257,"y":690,"width":28,"height":64},"region_attributes":{"vehicle_type":"0","license_number":"unknown","license_color":"5"}}],"file_attributes":{}},"132622201609290759580001_287.jpg599392":{"filename":"132622201609290759580001_287.jpg","size":599392,"regions":[{"shape_attributes":{"name":"rect","x":1257,"y":682,"width":39,"height":77},"region_attributes":{"vehicle_type":"0","license_number":"unknown","license_color":"5"}},{"shape_attributes":{"name":"rect","x":1315,"y":674,"width":96,"height":105},"region_attributes":{"vehicle_type":"1","license_number":"unknown","license_color":"5"}}],"file_attributes":{}},"132622201609290759580001_288.jpg600520":{"filename":"132622201609290759580001_288.jpg","size":600520,"regions":[{"shape_attributes":{"name":"rect","x":1251,"y":681,"width":34,"height":83},"region_attributes":{"vehicle_type":"0","license_number":"unknown","license_color":"5"}},{"shape_attributes":{"name":"rect","x":1423,"y":697,"width":105,"height":105},"region_attributes":{"vehicle_type":"1","license_number":"unknown","license_color":"0"}},{"shape_attributes":{"name":"rect","x":1270,"y":755,"width":102,"height":96},"region_attributes":{"vehicle_type":"1","license_number":"unknown","license_color":"0"}}],"file_attributes":{}},"132622201609290759580001_289.jpg602019":{"filename":"132622201609290759580001_289.jpg","size":602019,"regions":[{"shape_attributes":{"name":"rect","x":1277,"y":823,"width":146,"height":194},"region_attributes":{"vehicle_type":"4","license_number":"unknown","license_color":"0"}},{"shape_attributes":{"name":"rect","x":1257,"y":679,"width":32,"height":79},"region_attributes":{"vehicle_type":"0","license_number":"unknown","license_color":"5"}}],"file_attributes":{}},"132622201609290759580001_290.jpg609412":{"filename":"132622201609290759580001_290.jpg","size":609412,"regions":[{"shape_attributes":{"name":"rect","x":1260,"y":685,"width":32,"height":75},"region_attributes":{"vehicle_type":"0","license_number":"unknown","license_color":"5"}},{"shape_attributes":{"name":"rect","x":1121,"y":916,"width":202,"height":159},"region_attributes":{"vehicle_type":"1","license_number":"unknown","license_color":"0"}},{"shape_attributes":{"name":"rect","x":1407,"y":839,"width":161,"height":143},"region_attributes":{"vehicle_type":"1","license_number":"unknown","license_color":"0"}}],"file_attributes":{}},"132622201609290759580001_291.jpg611592":{"filename":"132622201609290759580001_291.jpg","size":611592,"regions":[{"shape_attributes":{"name":"rect","x":869,"y":836,"width":200,"height":153},"region_attributes":{"vehicle_type":"1","license_number":"unknown","license_color":"0"}},{"shape_attributes":{"name":"rect","x":1059,"y":692,"width":99,"height":72},"region_attributes":{"vehicle_type":"1","license_number":"unknown","license_color":"0"}},{"shape_attributes":{"name":"rect","x":1260,"y":689,"width":27,"height":74},"region_attributes":{"vehicle_type":"0","license_number":"unknown","license_color":"5"}}],"file_attributes":{}},"132622201609290759580001_292.jpg612492":{"filename":"132622201609290759580001_292.jpg","size":612492,"regions":[{"shape_attributes":{"name":"rect","x":1162,"y":850,"width":194,"height":200},"region_attributes":{"vehicle_type":"4","license_number":"unknown","license_color":"0"}},{"shape_attributes":{"name":"rect","x":1118,"y":720,"width":88,"height":72},"region_attributes":{"vehicle_type":"1","license_number":"unknown","license_color":"0"}}],"file_attributes":{}},"132622201609290759580001_293.jpg610036":{"filename":"132622201609290759580001_293.jpg","size":610036,"regions":[{"shape_attributes":{"name":"rect","x":1033,"y":706,"width":85,"height":64},"region_attributes":{"vehicle_type":"1","license_number":"unknown","license_color":"0"}},{"shape_attributes":{"name":"rect","x":1428,"y":741,"width":110,"height":102},"region_attributes":{"vehicle_type":"1","license_number":"unknown","license_color":"0"}},{"shape_attributes":{"name":"rect","x":1265,"y":685,"width":31,"height":85},"region_attributes":{"vehicle_type":"0","license_number":"unknown","license_color":"5"}},{"shape_attributes":{"name":"rect","x":655,"y":954,"width":259,"height":120},"region_attributes":{"vehicle_type":"1","license_number":"unknown","license_color":"5"}}],"file_attributes":{}},"132622201609290759580001_294.jpg604656":{"filename":"132622201609290759580001_294.jpg","size":604656,"regions":[{"shape_attributes":{"name":"rect","x":1064,"y":736,"width":121,"height":101},"region_attributes":{"vehicle_type":"1","license_number":"unknown","license_color":"0"}},{"shape_attributes":{"name":"rect","x":1261,"y":693,"width":23,"height":72},"region_attributes":{"vehicle_type":"0","license_number":"unknown","license_color":"5"}},{"shape_attributes":{"name":"rect","x":330,"y":831,"width":343,"height":241},"region_attributes":{"vehicle_type":"3","license_number":"unknown","license_color":"0"}}],"file_attributes":{}},"132622201609290759580001_295.jpg588621":{"filename":"132622201609290759580001_295.jpg","size":588621,"regions":[{"shape_attributes":{"name":"rect","x":1584,"y":662,"width":142,"height":168},"region_attributes":{"vehicle_type":"9","license_number":"unknown","license_color":"1"}}],"file_attributes":{}},"132622201609290759580001_296.jpg614537":{"filename":"132622201609290759580001_296.jpg","size":614537,"regions":[{"shape_attributes":{"name":"rect","x":525,"y":851,"width":243,"height":177},"region_attributes":{"vehicle_type":"1","license_number":"unknown","license_color":"0"}},{"shape_attributes":{"name":"rect","x":707,"y":902,"width":303,"height":170},"region_attributes":{"vehicle_type":"1","license_number":"unknown","license_color":"5"}}],"file_attributes":{}},"132622201609290759580001_297.jpg611545":{"filename":"132622201609290759580001_297.jpg","size":611545,"regions":[{"shape_attributes":{"name":"rect","x":742,"y":842,"width":234,"height":186},"region_attributes":{"vehicle_type":"1","license_number":"unknown","license_color":"0"}},{"shape_attributes":{"name":"rect","x":1092,"y":704,"width":110,"height":95},"region_attributes":{"vehicle_type":"1","license_number":"unknown","license_color":"0"}},{"shape_attributes":{"name":"rect","x":1004,"y":703,"width":76,"height":83},"region_attributes":{"vehicle_type":"1","license_number":"unknown","license_color":"0"}},{"shape_attributes":{"name":"rect","x":1274,"y":709,"width":107,"height":123},"region_attributes":{"vehicle_type":"3","license_number":"unknown","license_color":"0"}}],"file_attributes":{}},"132622201609290759580001_298.jpg600774":{"filename":"132622201609290759580001_298.jpg","size":600774,"regions":[{"shape_attributes":{"name":"rect","x":1121,"y":693,"width":94,"height":102},"region_attributes":{"vehicle_type":"4","license_number":"unknown","license_color":"1"}}],"file_attributes":{}},"132622201609290759580001_299.jpg615730":{"filename":"132622201609290759580001_299.jpg","size":615730,"regions":[{"shape_attributes":{"name":"rect","x":723,"y":799,"width":206,"height":152},"region_attributes":{"vehicle_type":"1","license_number":"unknown","license_color":"0"}},{"shape_attributes":{"name":"rect","x":966,"y":701,"width":94,"height":110},"region_attributes":{"vehicle_type":"1","license_number":"unknown","license_color":"0"}},{"shape_attributes":{"name":"rect","x":1093,"y":712,"width":105,"height":95},"region_attributes":{"vehicle_type":"1","license_number":"unknown","license_color":"0"}},{"shape_attributes":{"name":"rect","x":696,"y":959,"width":247,"height":117},"region_attributes":{"vehicle_type":"1","license_number":"unknown","license_color":"5"}},{"shape_attributes":{"name":"rect","x":7,"y":896,"width":478,"height":177},"region_attributes":{"vehicle_type":"11","license_number":"unknown","license_color":"5"}}],"file_attributes":{}},"132622201609290759580001_300.jpg604677":{"filename":"132622201609290759580001_300.jpg","size":604677,"regions":[{"shape_attributes":{"name":"rect","x":875,"y":809,"width":149,"height":108},"region_attributes":{"vehicle_type":"1","license_number":"unknown","license_color":"0"}},{"shape_attributes":{"name":"rect","x":999,"y":720,"width":91,"height":77},"region_attributes":{"vehicle_type":"1","license_number":"unknown","license_color":"0"}},{"shape_attributes":{"name":"rect","x":1314,"y":682,"width":29,"height":69},"region_attributes":{"vehicle_type":"0","license_number":"unknown","license_color":"5"}}],"file_attributes":{}},"132622201609290759580001_301.jpg606075":{"filename":"132622201609290759580001_301.jpg","size":606075,"regions":[{"shape_attributes":{"name":"rect","x":923,"y":736,"width":111,"height":86},"region_attributes":{"vehicle_type":"1","license_number":"unknown","license_color":"0"}},{"shape_attributes":{"name":"rect","x":956,"y":805,"width":158,"height":121},"region_attributes":{"vehicle_type":"1","license_number":"unknown","license_color":"0"}}],"file_attributes":{}},"132622201609290759580001_302.jpg598630":{"filename":"132622201609290759580001_302.jpg","size":598630,"regions":[{"shape_attributes":{"name":"rect","x":929,"y":742,"width":134,"height":91},"region_attributes":{"vehicle_type":"1","license_number":"unknown","license_color":"0"}}],"file_attributes":{}},"132622201609290759580001_303.jpg599005":{"filename":"132622201609290759580001_303.jpg","size":599005,"regions":[{"shape_attributes":{"name":"rect","x":1257,"y":843,"width":161,"height":133},"region_attributes":{"vehicle_type":"1","license_number":"unknown","license_color":"0"}},{"shape_attributes":{"name":"rect","x":1165,"y":690,"width":94,"height":73},"region_attributes":{"vehicle_type":"1","license_number":"unknown","license_color":"0"}}],"file_attributes":{}},"132622201609290759580001_304.jpg599815":{"filename":"132622201609290759580001_304.jpg","size":599815,"regions":[{"shape_attributes":{"name":"rect","x":1065,"y":750,"width":134,"height":79},"region_attributes":{"vehicle_type":"1","license_number":"unknown","license_color":"0"}},{"shape_attributes":{"name":"rect","x":1451,"y":726,"width":83,"height":79},"region_attributes":{"vehicle_type":"1","license_number":"unknown","license_color":"0"}},{"shape_attributes":{"name":"rect","x":1058,"y":685,"width":92,"height":61},"region_attributes":{"vehicle_type":"1","license_number":"unknown","license_color":"0"}}],"file_attributes":{}},"132622201609290759580001_305.jpg600522":{"filename":"132622201609290759580001_305.jpg","size":600522,"regions":[{"shape_attributes":{"name":"rect","x":1043,"y":697,"width":96,"height":69},"region_attributes":{"vehicle_type":"1","license_number":"unknown","license_color":"0"}}],"file_attributes":{}},"132622201609290759580001_306.jpg593743":{"filename":"132622201609290759580001_306.jpg","size":593743,"regions":[{"shape_attributes":{"name":"rect","x":1211,"y":859,"width":143,"height":158},"region_attributes":{"vehicle_type":"1","license_number":"unknown","license_color":"0"}},{"shape_attributes":{"name":"rect","x":1569,"y":666,"width":146,"height":167},"region_attributes":{"vehicle_type":"9","license_number":"unknown","license_color":"0"}},{"shape_attributes":{"name":"rect","x":1420,"y":606,"width":89,"height":130},"region_attributes":{"vehicle_type":"2","license_number":"unknown","license_color":"5"}},{"shape_attributes":{"name":"rect","x":890,"y":691,"width":96,"height":76},"region_attributes":{"vehicle_type":"1","license_number":"unknown","license_color":"0"}}],"file_attributes":{}},"132622201609290759580001_307.jpg606046":{"filename":"132622201609290759580001_307.jpg","size":606046,"regions":[{"shape_attributes":{"name":"rect","x":938,"y":722,"width":108,"height":104},"region_attributes":{"vehicle_type":"1","license_number":"unknown","license_color":"0"}},{"shape_attributes":{"name":"rect","x":1070,"y":684,"width":99,"height":82},"region_attributes":{"vehicle_type":"1","license_number":"unknown","license_color":"0"}},{"shape_attributes":{"name":"rect","x":1026,"y":766,"width":149,"height":134},"region_attributes":{"vehicle_type":"1","license_number":"unknown","license_color":"0"}},{"shape_attributes":{"name":"rect","x":1417,"y":698,"width":83,"height":92},"region_attributes":{"vehicle_type":"1","license_number":"unknown","license_color":"0"}}],"file_attributes":{}},"132622201609290759580001_308.jpg594960":{"filename":"132622201609290759580001_308.jpg","size":594960,"regions":[],"file_attributes":{}},"132622201609290759580001_309.jpg598994":{"filename":"132622201609290759580001_309.jpg","size":598994,"regions":[{"shape_attributes":{"name":"rect","x":1100,"y":720,"width":117,"height":95},"region_attributes":{"vehicle_type":"1","license_number":"unknown","license_color":"0"}}],"file_attributes":{}},"132622201609290759580001_310.jpg602713":{"filename":"132622201609290759580001_310.jpg","size":602713,"regions":[{"shape_attributes":{"name":"rect","x":839,"y":741,"width":130,"height":146},"region_attributes":{"vehicle_type":"1","license_number":"unknown","license_color":"0"}},{"shape_attributes":{"name":"rect","x":1006,"y":764,"width":124,"height":123},"region_attributes":{"vehicle_type":"1","license_number":"unknown","license_color":"0"}},{"shape_attributes":{"name":"rect","x":1265,"y":757,"width":123,"height":117},"region_attributes":{"vehicle_type":"1","license_number":"unknown","license_color":"0"}},{"shape_attributes":{"name":"rect","x":1436,"y":693,"width":98,"height":98},"region_attributes":{"vehicle_type":"1","license_number":"unknown","license_color":"0"}}],"file_attributes":{}},"132622201609290759580001_311.jpg600996":{"filename":"132622201609290759580001_311.jpg","size":600996,"regions":[{"shape_attributes":{"name":"rect","x":1128,"y":703,"width":107,"height":99},"region_attributes":{"vehicle_type":"1","license_number":"unknown","license_color":"0"}},{"shape_attributes":{"name":"rect","x":1309,"y":685,"width":95,"height":94},"region_attributes":{"vehicle_type":"1","license_number":"unknown","license_color":"0"}}],"file_attributes":{}},"132622201609290759580001_312.jpg602935":{"filename":"132622201609290759580001_312.jpg","size":602935,"regions":[{"shape_attributes":{"name":"rect","x":560,"y":855,"width":232,"height":153},"region_attributes":{"vehicle_type":"1","license_number":"unknown","license_color":"0"}},{"shape_attributes":{"name":"rect","x":1131,"y":701,"width":91,"height":63},"region_attributes":{"vehicle_type":"1","license_number":"unknown","license_color":"0"}}],"file_attributes":{}},"132622201609290759580001_313.jpg606782":{"filename":"132622201609290759580001_313.jpg","size":606782,"regions":[{"shape_attributes":{"name":"rect","x":821,"y":872,"width":202,"height":172},"region_attributes":{"vehicle_type":"1","license_number":"unknown","license_color":"0"}},{"shape_attributes":{"name":"rect","x":1289,"y":760,"width":129,"height":91},"region_attributes":{"vehicle_type":"1","license_number":"unknown","license_color":"0"}}],"file_attributes":{}},"132622201609290759580001_314.jpg602879":{"filename":"132622201609290759580001_314.jpg","size":602879,"regions":[{"shape_attributes":{"name":"rect","x":1274,"y":716,"width":101,"height":75},"region_attributes":{"vehicle_type":"1","license_number":"unknown","license_color":"0"}}],"file_attributes":{}},"132622201609290759580001_315.jpg616296":{"filename":"132622201609290759580001_315.jpg","size":616296,"regions":[{"shape_attributes":{"name":"rect","x":640,"y":831,"width":193,"height":146},"region_attributes":{"vehicle_type":"1","license_number":"unknown","license_color":"0"}},{"shape_attributes":{"name":"rect","x":1035,"y":769,"width":101,"height":120},"region_attributes":{"vehicle_type":"1","license_number":"unknown","license_color":"0"}},{"shape_attributes":{"name":"rect","x":1170,"y":693,"width":77,"height":75},"region_attributes":{"vehicle_type":"1","license_number":"unknown","license_color":"0"}},{"shape_attributes":{"name":"rect","x":1290,"y":715,"width":77,"height":79},"region_attributes":{"vehicle_type":"1","license_number":"unknown","license_color":"0"}},{"shape_attributes":{"name":"rect","x":612,"y":937,"width":282,"height":134},"region_attributes":{"vehicle_type":"1","license_number":"unknown","license_color":"5"}}],"file_attributes":{}},"132622201609290759580001_316.jpg603790":{"filename":"132622201609290759580001_316.jpg","size":603790,"regions":[{"shape_attributes":{"name":"rect","x":1084,"y":713,"width":111,"height":83},"region_attributes":{"vehicle_type":"1","license_number":"unknown","license_color":"0"}},{"shape_attributes":{"name":"rect","x":1268,"y":716,"width":105,"height":75},"region_attributes":{"vehicle_type":"1","license_number":"unknown","license_color":"0"}}],"file_attributes":{}},"132622201609290759580001_317.jpg591040":{"filename":"132622201609290759580001_317.jpg","size":591040,"regions":[{"shape_attributes":{"name":"rect","x":852,"y":703,"width":101,"height":75},"region_attributes":{"vehicle_type":"1","license_number":"unknown","license_color":"0"}},{"shape_attributes":{"name":"rect","x":1102,"y":734,"width":107,"height":86},"region_attributes":{"vehicle_type":"1","license_number":"unknown","license_color":"0"}},{"shape_attributes":{"name":"rect","x":1566,"y":671,"width":159,"height":148},"region_attributes":{"vehicle_type":"9","license_number":"unknown","license_color":"1"}}],"file_attributes":{}},"132622201609290759580001_318.jpg601406":{"filename":"132622201609290759580001_318.jpg","size":601406,"regions":[{"shape_attributes":{"name":"rect","x":1046,"y":693,"width":146,"height":69},"region_attributes":{"vehicle_type":"1","license_number":"unknown","license_color":"0"}},{"shape_attributes":{"name":"rect","x":792,"y":704,"width":47,"height":68},"region_attributes":{"vehicle_type":"6","license_number":"unknown","license_color":"5"}},{"shape_attributes":{"name":"rect","x":677,"y":716,"width":39,"height":63},"region_attributes":{"vehicle_type":"0","license_number":"unknown","license_color":"5"}}],"file_attributes":{}},"132622201609290759580001_319.jpg600254":{"filename":"132622201609290759580001_319.jpg","size":600254,"regions":[{"shape_attributes":{"name":"rect","x":731,"y":728,"width":34,"height":69},"region_attributes":{"vehicle_type":"0","license_number":"unknown","license_color":"5"}},{"shape_attributes":{"name":"rect","x":883,"y":677,"width":53,"height":58},"region_attributes":{"vehicle_type":"6","license_number":"unknown","license_color":"5"}},{"shape_attributes":{"name":"rect","x":491,"y":791,"width":66,"height":94},"region_attributes":{"vehicle_type":"6","license_number":"unknown","license_color":"5"}}],"file_attributes":{}},"132622201609290759580001_320.jpg603623":{"filename":"132622201609290759580001_320.jpg","size":603623,"regions":[{"shape_attributes":{"name":"rect","x":907,"y":738,"width":146,"height":108},"region_attributes":{"vehicle_type":"1","license_number":"unknown","license_color":"0"}},{"shape_attributes":{"name":"rect","x":722,"y":728,"width":26,"height":72},"region_attributes":{"vehicle_type":"1","license_number":"unknown","license_color":"5"}},{"shape_attributes":{"name":"rect","x":596,"y":764,"width":37,"height":72},"region_attributes":{"vehicle_type":"6","license_number":"unknown","license_color":"5"}}],"file_attributes":{}},"132622201609290759580001_321.jpg602072":{"filename":"132622201609290759580001_321.jpg","size":602072,"regions":[{"shape_attributes":{"name":"rect","x":719,"y":723,"width":35,"height":70},"region_attributes":{"vehicle_type":"0","license_number":"unknown","license_color":"0"}},{"shape_attributes":{"name":"rect","x":1191,"y":675,"width":82,"height":70},"region_attributes":{"vehicle_type":"5","license_number":"unknown","license_color":"0"}},{"shape_attributes":{"name":"rect","x":1087,"y":679,"width":95,"height":75},"region_attributes":{"vehicle_type":"1","license_number":"unknown","license_color":"0"}}],"file_attributes":{}},"132622201609290759580001_322.jpg604247":{"filename":"132622201609290759580001_322.jpg","size":604247,"regions":[{"shape_attributes":{"name":"rect","x":1210,"y":865,"width":156,"height":161},"region_attributes":{"vehicle_type":"1","license_number":"unknown","license_color":"0"}},{"shape_attributes":{"name":"rect","x":1311,"y":693,"width":83,"height":73},"region_attributes":{"vehicle_type":"1","license_number":"unknown","license_color":"0"}},{"shape_attributes":{"name":"rect","x":1431,"y":628,"width":107,"height":139},"region_attributes":{"vehicle_type":"2","license_number":"unknown","license_color":"0"}}],"file_attributes":{}},"132622201609290759580001_323.jpg607676":{"filename":"132622201609290759580001_323.jpg","size":607676,"regions":[{"shape_attributes":{"name":"rect","x":614,"y":847,"width":222,"height":143},"region_attributes":{"vehicle_type":"1","license_number":"unknown","license_color":"0"}}],"file_attributes":{}},"132622201609290759580001_324.jpg601352":{"filename":"132622201609290759580001_324.jpg","size":601352,"regions":[{"shape_attributes":{"name":"rect","x":1336,"y":679,"width":69,"height":69},"region_attributes":{"vehicle_type":"1","license_number":"unknown","license_color":"0"}},{"shape_attributes":{"name":"rect","x":1460,"y":677,"width":63,"height":57},"region_attributes":{"vehicle_type":"1","license_number":"unknown","license_color":"0"}},{"shape_attributes":{"name":"rect","x":1184,"y":685,"width":70,"height":50},"region_attributes":{"vehicle_type":"1","license_number":"unknown","license_color":"0"}}],"file_attributes":{}},"132622201609290759580001_325.jpg605694":{"filename":"132622201609290759580001_325.jpg","size":605694,"regions":[{"shape_attributes":{"name":"rect","x":405,"y":931,"width":319,"height":148},"region_attributes":{"vehicle_type":"5","license_number":"unknown","license_color":"5"}},{"shape_attributes":{"name":"rect","x":1416,"y":693,"width":92,"height":91},"region_attributes":{"vehicle_type":"1","license_number":"unknown","license_color":"0"}},{"shape_attributes":{"name":"rect","x":853,"y":685,"width":38,"height":66},"region_attributes":{"vehicle_type":"6","license_number":"unknown","license_color":"5"}}],"file_attributes":{}},"132622201609290759580001_326.jpg598383":{"filename":"132622201609290759580001_326.jpg","size":598383,"regions":[{"shape_attributes":{"name":"rect","x":918,"y":753,"width":136,"height":91},"region_attributes":{"vehicle_type":"1","license_number":"unknown","license_color":"0"}},{"shape_attributes":{"name":"rect","x":462,"y":773,"width":54,"height":102},"region_attributes":{"vehicle_type":"6","license_number":"unknown","license_color":"5"}}],"file_attributes":{}},"132622201609290759580001_327.jpg610467":{"filename":"132622201609290759580001_327.jpg","size":610467,"regions":[{"shape_attributes":{"name":"rect","x":779,"y":802,"width":156,"height":118},"region_attributes":{"vehicle_type":"1","license_number":"unknown","license_color":"0"}},{"shape_attributes":{"name":"rect","x":1070,"y":747,"width":110,"height":94},"region_attributes":{"vehicle_type":"5","license_number":"unknown","license_color":"0"}},{"shape_attributes":{"name":"rect","x":1317,"y":715,"width":95,"height":82},"region_attributes":{"vehicle_type":"1","license_number":"unknown","license_color":"0"}}],"file_attributes":{}},"132622201609290759580001_328.jpg607099":{"filename":"132622201609290759580001_328.jpg","size":607099,"regions":[{"shape_attributes":{"name":"rect","x":853,"y":850,"width":202,"height":174},"region_attributes":{"vehicle_type":"1","license_number":"unknown","license_color":"0"}},{"shape_attributes":{"name":"rect","x":831,"y":782,"width":145,"height":108},"region_attributes":{"vehicle_type":"1","license_number":"unknown","license_color":"0"}},{"shape_attributes":{"name":"rect","x":846,"y":706,"width":108,"height":69},"region_attributes":{"vehicle_type":"1","license_number":"unknown","license_color":"0"}},{"shape_attributes":{"name":"rect","x":1561,"y":662,"width":162,"height":164},"region_attributes":{"vehicle_type":"9","license_number":"unknown","license_color":"5"}}],"file_attributes":{}},"132622201609290759580001_329.jpg603929":{"filename":"132622201609290759580001_329.jpg","size":603929,"regions":[{"shape_attributes":{"name":"rect","x":1350,"y":917,"width":191,"height":159},"region_attributes":{"vehicle_type":"1","license_number":"unknown","license_color":"0"}}],"file_attributes":{}},"132622201609290759580001_330.jpg604079":{"filename":"132622201609290759580001_330.jpg","size":604079,"regions":[{"shape_attributes":{"name":"rect","x":1293,"y":699,"width":135,"height":159},"region_attributes":{"vehicle_type":"4","license_number":"unknown","license_color":"5"}}],"file_attributes":{}},"132622201609290759580001_331.jpg597809":{"filename":"132622201609290759580001_331.jpg","size":597809,"regions":[],"file_attributes":{}},"132622201609290759580001_332.jpg597606":{"filename":"132622201609290759580001_332.jpg","size":597606,"regions":[],"file_attributes":{}},"132622201609290759580001_333.jpg597070":{"filename":"132622201609290759580001_333.jpg","size":597070,"regions":[],"file_attributes":{}},"132622201609290759580001_334.jpg603304":{"filename":"132622201609290759580001_334.jpg","size":603304,"regions":[{"shape_attributes":{"name":"rect","x":1423,"y":747,"width":114,"height":102},"region_attributes":{"vehicle_type":"1","license_number":"unknown","license_color":"0"}}],"file_attributes":{}},"132622201609290759580001_335.jpg599714":{"filename":"132622201609290759580001_335.jpg","size":599714,"regions":[{"shape_attributes":{"name":"rect","x":1416,"y":743,"width":129,"height":126},"region_attributes":{"vehicle_type":"1","license_number":"unknown","license_color":"0"}}],"file_attributes":{}},"132622201609290759580001_336.jpg596306":{"filename":"132622201609290759580001_336.jpg","size":596306,"regions":[],"file_attributes":{}},"132622201609290759580001_337.jpg594600":{"filename":"132622201609290759580001_337.jpg","size":594600,"regions":[],"file_attributes":{}},"132622201609290759580001_338.jpg590788":{"filename":"132622201609290759580001_338.jpg","size":590788,"regions":[{"shape_attributes":{"name":"rect","x":937,"y":717,"width":115,"height":96},"region_attributes":{"vehicle_type":"1","license_number":"unknown","license_color":"0"}},{"shape_attributes":{"name":"rect","x":602,"y":969,"width":269,"height":108},"region_attributes":{"vehicle_type":"1","license_number":"unknown","license_color":"5"}}],"file_attributes":{}},"132622201609290759580001_339.jpg598500":{"filename":"132622201609290759580001_339.jpg","size":598500,"regions":[{"shape_attributes":{"name":"rect","x":940,"y":678,"width":139,"height":137},"region_attributes":{"vehicle_type":"12","license_number":"unknown","license_color":"0"}},{"shape_attributes":{"name":"rect","x":1143,"y":909,"width":199,"height":165},"region_attributes":{"vehicle_type":"1","license_number":"unknown","license_color":"0"}},{"shape_attributes":{"name":"rect","x":846,"y":703,"width":101,"height":77},"region_attributes":{"vehicle_type":"1","license_number":"unknown","license_color":"0"}},{"shape_attributes":{"name":"rect","x":1571,"y":674,"width":151,"height":152},"region_attributes":{"vehicle_type":"9","license_number":"unknown","license_color":"1"}},{"shape_attributes":{"name":"rect","x":1436,"y":704,"width":85,"height":86},"region_attributes":{"vehicle_type":"1","license_number":"unknown","license_color":"0"}}],"file_attributes":{}},"132622201609290759580001_340.jpg607877":{"filename":"132622201609290759580001_340.jpg","size":607877,"regions":[{"shape_attributes":{"name":"rect","x":858,"y":837,"width":201,"height":155},"region_attributes":{"vehicle_type":"1","license_number":"unknown","license_color":"0"}},{"shape_attributes":{"name":"rect","x":1406,"y":752,"width":114,"height":101},"region_attributes":{"vehicle_type":"1","license_number":"unknown","license_color":"0"}},{"shape_attributes":{"name":"rect","x":1091,"y":740,"width":102,"height":83},"region_attributes":{"vehicle_type":"1","license_number":"unknown","license_color":"0"}},{"shape_attributes":{"name":"rect","x":1026,"y":702,"width":93,"height":66},"region_attributes":{"vehicle_type":"1","license_number":"unknown","license_color":"0"}},{"shape_attributes":{"name":"rect","x":818,"y":768,"width":156,"height":105},"region_attributes":{"vehicle_type":"1","license_number":"unknown","license_color":"0"}}],"file_attributes":{}},"132622201609290759580001_341.jpg597591":{"filename":"132622201609290759580001_341.jpg","size":597591,"regions":[{"shape_attributes":{"name":"rect","x":852,"y":773,"width":153,"height":98},"region_attributes":{"vehicle_type":"1","license_number":"unknown","license_color":"0"}},{"shape_attributes":{"name":"rect","x":1151,"y":679,"width":94,"height":79},"region_attributes":{"vehicle_type":"1","license_number":"unknown","license_color":"0"}},{"shape_attributes":{"name":"rect","x":1054,"y":690,"width":83,"height":64},"region_attributes":{"vehicle_type":"1","license_number":"unknown","license_color":"0"}}],"file_attributes":{}},"132622201609290759580001_342.jpg599298":{"filename":"132622201609290759580001_342.jpg","size":599298,"regions":[{"shape_attributes":{"name":"rect","x":845,"y":754,"width":158,"height":107},"region_attributes":{"vehicle_type":"1","license_number":"unknown","license_color":"0"}},{"shape_attributes":{"name":"rect","x":1035,"y":761,"width":130,"height":96},"region_attributes":{"vehicle_type":"1","license_number":"unknown","license_color":"0"}}],"file_attributes":{}},"132622201609290759580001_343.jpg590824":{"filename":"132622201609290759580001_343.jpg","size":590824,"regions":[{"shape_attributes":{"name":"rect","x":1032,"y":703,"width":101,"height":63},"region_attributes":{"vehicle_type":"1","license_number":"unknown","license_color":"0"}},{"shape_attributes":{"name":"rect","x":1159,"y":691,"width":80,"height":63},"region_attributes":{"vehicle_type":"1","license_number":"unknown","license_color":"0"}},{"shape_attributes":{"name":"rect","x":1315,"y":734,"width":102,"height":79},"region_attributes":{"vehicle_type":"1","license_number":"unknown","license_color":"0"}}],"file_attributes":{}},"132622201609290759580001_344.jpg591658":{"filename":"132622201609290759580001_344.jpg","size":591658,"regions":[{"shape_attributes":{"name":"rect","x":897,"y":744,"width":140,"height":92},"region_attributes":{"vehicle_type":"1","license_number":"unknown","license_color":"0"}},{"shape_attributes":{"name":"rect","x":1109,"y":726,"width":95,"height":75},"region_attributes":{"vehicle_type":"1","license_number":"unknown","license_color":"0"}}],"file_attributes":{}},"132622201609290759580001_345.jpg601186":{"filename":"132622201609290759580001_345.jpg","size":601186,"regions":[{"shape_attributes":{"name":"rect","x":913,"y":755,"width":124,"height":88},"region_attributes":{"vehicle_type":"1","license_number":"unknown","license_color":"0"}},{"shape_attributes":{"name":"rect","x":1138,"y":706,"width":91,"height":66},"region_attributes":{"vehicle_type":"1","license_number":"unknown","license_color":"0"}},{"shape_attributes":{"name":"rect","x":615,"y":716,"width":127,"height":80},"region_attributes":{"vehicle_type":"1","license_number":"unknown","license_color":"0"}}],"file_attributes":{}},"132622201609290759580001_346.jpg600022":{"filename":"132622201609290759580001_346.jpg","size":600022,"regions":[{"shape_attributes":{"name":"rect","x":587,"y":861,"width":272,"height":165},"region_attributes":{"vehicle_type":"1","license_number":"unknown","license_color":"0"}},{"shape_attributes":{"name":"rect","x":660,"y":741,"width":159,"height":75},"region_attributes":{"vehicle_type":"1","license_number":"unknown","license_color":"0"}},{"shape_attributes":{"name":"rect","x":1081,"y":735,"width":107,"height":79},"region_attributes":{"vehicle_type":"1","license_number":"unknown","license_color":"0"}},{"shape_attributes":{"name":"rect","x":1027,"y":691,"width":107,"height":70},"region_attributes":{"vehicle_type":"1","license_number":"unknown","license_color":"0"}}],"file_attributes":{}},"132622201609290759580001_347.jpg596213":{"filename":"132622201609290759580001_347.jpg","size":596213,"regions":[{"shape_attributes":{"name":"rect","x":754,"y":747,"width":127,"height":89},"region_attributes":{"vehicle_type":"1","license_number":"unknown","license_color":"0"}},{"shape_attributes":{"name":"rect","x":1116,"y":717,"width":101,"height":73},"region_attributes":{"vehicle_type":"1","license_number":"unknown","license_color":"0"}}],"file_attributes":{}},"132622201609290759580001_348.jpg598510":{"filename":"132622201609290759580001_348.jpg","size":598510,"regions":[{"shape_attributes":{"name":"rect","x":710,"y":932,"width":251,"height":139},"region_attributes":{"vehicle_type":"1","license_number":"unknown","license_color":"5"}}],"file_attributes":{}},"132622201609290759580001_349.jpg607689":{"filename":"132622201609290759580001_349.jpg","size":607689,"regions":[{"shape_attributes":{"name":"rect","x":732,"y":801,"width":178,"height":130},"region_attributes":{"vehicle_type":"1","license_number":"unknown","license_color":"0"}},{"shape_attributes":{"name":"rect","x":877,"y":846,"width":203,"height":152},"region_attributes":{"vehicle_type":"1","license_number":"unknown","license_color":"0"}},{"shape_attributes":{"name":"rect","x":1280,"y":761,"width":129,"height":99},"region_attributes":{"vehicle_type":"1","license_number":"unknown","license_color":"0"}},{"shape_attributes":{"name":"rect","x":1146,"y":693,"width":89,"height":73},"region_attributes":{"vehicle_type":"1","license_number":"unknown","license_color":"0"}},{"shape_attributes":{"name":"rect","x":1067,"y":685,"width":77,"height":61},"region_attributes":{"vehicle_type":"1","license_number":"unknown","license_color":"0"}}],"file_attributes":{}},"132622201609290759580001_350.jpg609209":{"filename":"132622201609290759580001_350.jpg","size":609209,"regions":[{"shape_attributes":{"name":"rect","x":915,"y":846,"width":171,"height":148},"region_attributes":{"vehicle_type":"5","license_number":"unknown","license_color":"0"}},{"shape_attributes":{"name":"rect","x":776,"y":799,"width":161,"height":118},"region_attributes":{"vehicle_type":"1","license_number":"unknown","license_color":"0"}},{"shape_attributes":{"name":"rect","x":856,"y":715,"width":99,"height":66},"region_attributes":{"vehicle_type":"1","license_number":"unknown","license_color":"0"}}],"file_attributes":{}},"132622201609290759580001_351.jpg603559":{"filename":"132622201609290759580001_351.jpg","size":603559,"regions":[{"shape_attributes":{"name":"rect","x":599,"y":852,"width":221,"height":149},"region_attributes":{"vehicle_type":"1","license_number":"unknown","license_color":"0"}},{"shape_attributes":{"name":"rect","x":988,"y":791,"width":143,"height":111},"region_attributes":{"vehicle_type":"1","license_number":"unknown","license_color":"0"}}],"file_attributes":{}},"132622201609290759580001_352.jpg603115":{"filename":"132622201609290759580001_352.jpg","size":603115,"regions":[{"shape_attributes":{"name":"rect","x":859,"y":855,"width":203,"height":153},"region_attributes":{"vehicle_type":"1","license_number":"unknown","license_color":"0"}}],"file_attributes":{}},"132622201609290759580001_353.jpg613191":{"filename":"132622201609290759580001_353.jpg","size":613191,"regions":[{"shape_attributes":{"name":"rect","x":918,"y":767,"width":172,"height":115},"region_attributes":{"vehicle_type":"5","license_number":"unknown","license_color":"0"}},{"shape_attributes":{"name":"rect","x":700,"y":938,"width":234,"height":137},"region_attributes":{"vehicle_type":"5","license_number":"unknown","license_color":"5"}},{"shape_attributes":{"name":"rect","x":1151,"y":679,"width":95,"height":79},"region_attributes":{"vehicle_type":"1","license_number":"unknown","license_color":"0"}},{"shape_attributes":{"name":"rect","x":972,"y":679,"width":107,"height":64},"region_attributes":{"vehicle_type":"1","license_number":"unknown","license_color":"0"}}],"file_attributes":{}},"132622201609290759580001_354.jpg604989":{"filename":"132622201609290759580001_354.jpg","size":604989,"regions":[{"shape_attributes":{"name":"rect","x":804,"y":861,"width":237,"height":164},"region_attributes":{"vehicle_type":"1","license_number":"unknown","license_color":"0"}},{"shape_attributes":{"name":"rect","x":789,"y":793,"width":140,"height":108},"region_attributes":{"vehicle_type":"1","license_number":"unknown","license_color":"0"}},{"shape_attributes":{"name":"rect","x":883,"y":684,"width":98,"height":73},"region_attributes":{"vehicle_type":"1","license_number":"unknown","license_color":"0"}}],"file_attributes":{}},"132622201609290759580001_355.jpg597428":{"filename":"132622201609290759580001_355.jpg","size":597428,"regions":[{"shape_attributes":{"name":"rect","x":883,"y":694,"width":101,"height":66},"region_attributes":{"vehicle_type":"1","license_number":"unknown","license_color":"0"}}],"file_attributes":{}},"132622201609290759580001_356.jpg616202":{"filename":"132622201609290759580001_356.jpg","size":616202,"regions":[{"shape_attributes":{"name":"rect","x":894,"y":812,"width":151,"height":143},"region_attributes":{"vehicle_type":"1","license_number":"unknown","license_color":"0"}},{"shape_attributes":{"name":"rect","x":1093,"y":710,"width":117,"height":92},"region_attributes":{"vehicle_type":"1","license_number":"unknown","license_color":"0"}},{"shape_attributes":{"name":"rect","x":890,"y":700,"width":72,"height":66},"region_attributes":{"vehicle_type":"1","license_number":"unknown","license_color":"0"}},{"shape_attributes":{"name":"rect","x":1431,"y":763,"width":101,"height":111},"region_attributes":{"vehicle_type":"5","license_number":"unknown","license_color":"0"}},{"shape_attributes":{"name":"rect","x":19,"y":858,"width":641,"height":215},"region_attributes":{"vehicle_type":"9","license_number":"unknown","license_color":"0"}}],"file_attributes":{}},"132622201609290759580001_357.jpg608035":{"filename":"132622201609290759580001_357.jpg","size":608035,"regions":[{"shape_attributes":{"name":"rect","x":935,"y":788,"width":133,"height":104},"region_attributes":{"vehicle_type":"1","license_number":"unknown","license_color":"0"}},{"shape_attributes":{"name":"rect","x":1144,"y":709,"width":85,"height":80},"region_attributes":{"vehicle_type":"1","license_number":"unknown","license_color":"0"}},{"shape_attributes":{"name":"rect","x":874,"y":704,"width":96,"height":75},"region_attributes":{"vehicle_type":"1","license_number":"unknown","license_color":"0"}},{"shape_attributes":{"name":"rect","x":340,"y":909,"width":333,"height":162},"region_attributes":{"vehicle_type":"1","license_number":"unknown","license_color":"0"}}],"file_attributes":{}},"132622201609290759580001_358.jpg596245":{"filename":"132622201609290759580001_358.jpg","size":596245,"regions":[{"shape_attributes":{"name":"rect","x":766,"y":796,"width":194,"height":107},"region_attributes":{"vehicle_type":"1","license_number":"unknown","license_color":"0"}},{"shape_attributes":{"name":"rect","x":874,"y":698,"width":96,"height":77},"region_attributes":{"vehicle_type":"1","license_number":"unknown","license_color":"0"}}],"file_attributes":{}},"132622201609290759580001_359.jpg605902":{"filename":"132622201609290759580001_359.jpg","size":605902,"regions":[{"shape_attributes":{"name":"rect","x":1005,"y":779,"width":140,"height":115},"region_attributes":{"vehicle_type":"1","license_number":"unknown","license_color":"0"}},{"shape_attributes":{"name":"rect","x":1172,"y":696,"width":86,"height":58},"region_attributes":{"vehicle_type":"1","license_number":"unknown","license_color":"0"}},{"shape_attributes":{"name":"rect","x":1374,"y":795,"width":123,"height":118},"region_attributes":{"vehicle_type":"1","license_number":"unknown","license_color":"0"}},{"shape_attributes":{"name":"rect","x":871,"y":696,"width":92,"height":79},"region_attributes":{"vehicle_type":"1","license_number":"unknown","license_color":"0"}},{"shape_attributes":{"name":"rect","x":373,"y":953,"width":288,"height":123},"region_attributes":{"vehicle_type":"1","license_number":"unknown","license_color":"0"}}],"file_attributes":{}},"132622201609290759580001_360.jpg601587":{"filename":"132622201609290759580001_360.jpg","size":601587,"regions":[{"shape_attributes":{"name":"rect","x":862,"y":744,"width":94,"height":82},"region_attributes":{"vehicle_type":"1","license_number":"unknown","license_color":"0"}},{"shape_attributes":{"name":"rect","x":1093,"y":720,"width":111,"height":82},"region_attributes":{"vehicle_type":"1","license_number":"unknown","license_color":"0"}},{"shape_attributes":{"name":"rect","x":1128,"y":925,"width":210,"height":148},"region_attributes":{"vehicle_type":"1","license_number":"unknown","license_color":"0"}}],"file_attributes":{}},"132622201609290759580001_361.jpg591197":{"filename":"132622201609290759580001_361.jpg","size":591197,"regions":[{"shape_attributes":{"name":"rect","x":758,"y":887,"width":224,"height":186},"region_attributes":{"vehicle_type":"1","license_number":"unknown","license_color":"0"}},{"shape_attributes":{"name":"rect","x":1005,"y":682,"width":41,"height":61},"region_attributes":{"vehicle_type":"0","license_number":"unknown","license_color":"5"}},{"shape_attributes":{"name":"rect","x":868,"y":728,"width":50,"height":69},"region_attributes":{"vehicle_type":"0","license_number":"unknown","license_color":"5"}},{"shape_attributes":{"name":"rect","x":1078,"y":697,"width":80,"height":60},"region_attributes":{"vehicle_type":"1","license_number":"unknown","license_color":"0"}}],"file_attributes":{}},"132622201609290759580001_362.jpg608506":{"filename":"132622201609290759580001_362.jpg","size":608506,"regions":[{"shape_attributes":{"name":"rect","x":678,"y":833,"width":202,"height":134},"region_attributes":{"vehicle_type":"1","license_number":"unknown","license_color":"0"}},{"shape_attributes":{"name":"rect","x":995,"y":783,"width":140,"height":117},"region_attributes":{"vehicle_type":"1","license_number":"unknown","license_color":"0"}},{"shape_attributes":{"name":"rect","x":1141,"y":701,"width":98,"height":82},"region_attributes":{"vehicle_type":"1","license_number":"unknown","license_color":"0"}},{"shape_attributes":{"name":"rect","x":1058,"y":685,"width":94,"height":69},"region_attributes":{"vehicle_type":"1","license_number":"unknown","license_color":"0"}},{"shape_attributes":{"name":"rect","x":859,"y":709,"width":98,"height":77},"region_attributes":{"vehicle_type":"1","license_number":"unknown","license_color":"0"}},{"shape_attributes":{"name":"rect","x":1568,"y":665,"width":156,"height":172},"region_attributes":{"vehicle_type":"9","license_number":"unknown","license_color":"1"}}],"file_attributes":{}},"132622201609290759580001_363.jpg607191":{"filename":"132622201609290759580001_363.jpg","size":607191,"regions":[{"shape_attributes":{"name":"rect","x":843,"y":774,"width":137,"height":120},"region_attributes":{"vehicle_type":"5","license_number":"unknown","license_color":"0"}},{"shape_attributes":{"name":"rect","x":905,"y":837,"width":168,"height":128},"region_attributes":{"vehicle_type":"1","license_number":"unknown","license_color":"0"}},{"shape_attributes":{"name":"rect","x":1470,"y":942,"width":192,"height":134},"region_attributes":{"vehicle_type":"1","license_number":"unknown","license_color":"5"}}],"file_attributes":{}},"132622201609290759580001_364.jpg599306":{"filename":"132622201609290759580001_364.jpg","size":599306,"regions":[{"shape_attributes":{"name":"rect","x":1105,"y":728,"width":101,"height":80},"region_attributes":{"vehicle_type":"1","license_number":"unknown","license_color":"0"}},{"shape_attributes":{"name":"rect","x":1436,"y":696,"width":72,"height":60},"region_attributes":{"vehicle_type":"1","license_number":"unknown","license_color":"0"}}],"file_attributes":{}},"132622201609290759580001_365.jpg611149":{"filename":"132622201609290759580001_365.jpg","size":611149,"regions":[{"shape_attributes":{"name":"rect","x":738,"y":788,"width":171,"height":108},"region_attributes":{"vehicle_type":"1","license_number":"unknown","license_color":"0"}},{"shape_attributes":{"name":"rect","x":1056,"y":725,"width":86,"height":87},"region_attributes":{"vehicle_type":"1","license_number":"unknown","license_color":"0"}},{"shape_attributes":{"name":"rect","x":689,"y":903,"width":254,"height":176},"region_attributes":{"vehicle_type":"1","license_number":"unknown","license_color":"0"}},{"shape_attributes":{"name":"rect","x":1292,"y":728,"width":104,"height":99},"region_attributes":{"vehicle_type":"1","license_number":"unknown","license_color":"0"}},{"shape_attributes":{"name":"rect","x":1158,"y":672,"width":71,"height":68},"region_attributes":{"vehicle_type":"1","license_number":"unknown","license_color":"0"}}],"file_attributes":{}},"132622201609290759580001_366.jpg593478":{"filename":"132622201609290759580001_366.jpg","size":593478,"regions":[{"shape_attributes":{"name":"rect","x":1407,"y":760,"width":117,"height":85},"region_attributes":{"vehicle_type":"1","license_number":"unknown","license_color":"0"}},{"shape_attributes":{"name":"rect","x":1077,"y":696,"width":42,"height":64},"region_attributes":{"vehicle_type":"0","license_number":"unknown","license_color":"5"}}],"file_attributes":{}},"132622201609290759580001_367.jpg595676":{"filename":"132622201609290759580001_367.jpg","size":595676,"regions":[{"shape_attributes":{"name":"rect","x":1208,"y":704,"width":58,"height":73},"region_attributes":{"vehicle_type":"0","license_number":"unknown","license_color":"5"}}],"file_attributes":{}},"132622201609290759580001_368.jpg603331":{"filename":"132622201609290759580001_368.jpg","size":603331,"regions":[{"shape_attributes":{"name":"rect","x":1398,"y":764,"width":137,"height":155},"region_attributes":{"vehicle_type":"1","license_number":"unknown","license_color":"0"}},{"shape_attributes":{"name":"rect","x":1262,"y":712,"width":34,"height":63},"region_attributes":{"vehicle_type":"0","license_number":"unknown","license_color":"5"}},{"shape_attributes":{"name":"rect","x":967,"y":722,"width":114,"height":75},"region_attributes":{"vehicle_type":"1","license_number":"unknown","license_color":"0"}}],"file_attributes":{}},"132622201609290759580001_369.jpg598187":{"filename":"132622201609290759580001_369.jpg","size":598187,"regions":[{"shape_attributes":{"name":"rect","x":1048,"y":729,"width":133,"height":129},"region_attributes":{"vehicle_type":"5","license_number":"unknown","license_color":"0"}},{"shape_attributes":{"name":"rect","x":750,"y":802,"width":161,"height":129},"region_attributes":{"vehicle_type":"1","license_number":"unknown","license_color":"0"}},{"shape_attributes":{"name":"rect","x":1467,"y":716,"width":37,"height":77},"region_attributes":{"vehicle_type":"0","license_number":"unknown","license_color":"5"}}],"file_attributes":{}},"132622201609290759580001_370.jpg599610":{"filename":"132622201609290759580001_370.jpg","size":599610,"regions":[{"shape_attributes":{"name":"rect","x":1415,"y":911,"width":222,"height":161},"region_attributes":{"vehicle_type":"1","license_number":"unknown","license_color":"5"}},{"shape_attributes":{"name":"rect","x":1698,"y":726,"width":42,"height":92},"region_attributes":{"vehicle_type":"0","license_number":"unknown","license_color":"5"}}],"file_attributes":{}},"132622201609290759580001_371.jpg572573":{"filename":"132622201609290759580001_371.jpg","size":572573,"regions":[],"file_attributes":{}},"132622201609290759580001_372.jpg582343":{"filename":"132622201609290759580001_372.jpg","size":582343,"regions":[{"shape_attributes":{"name":"rect","x":1324,"y":679,"width":80,"height":64},"region_attributes":{"vehicle_type":"1","license_number":"unknown","license_color":"0"}},{"shape_attributes":{"name":"rect","x":1089,"y":997,"width":226,"height":80},"region_attributes":{"vehicle_type":"1","license_number":"unknown","license_color":"5"}}],"file_attributes":{}},"132622201609290759580001_373.jpg612458":{"filename":"132622201609290759580001_373.jpg","size":612458,"regions":[{"shape_attributes":{"name":"rect","x":508,"y":869,"width":267,"height":177},"region_attributes":{"vehicle_type":"1","license_number":"unknown","license_color":"0"}},{"shape_attributes":{"name":"rect","x":801,"y":722,"width":118,"height":77},"region_attributes":{"vehicle_type":"1","license_number":"unknown","license_color":"0"}},{"shape_attributes":{"name":"rect","x":1070,"y":679,"width":114,"height":86},"region_attributes":{"vehicle_type":"1","license_number":"unknown","license_color":"0"}},{"shape_attributes":{"name":"rect","x":696,"y":891,"width":288,"height":180},"region_attributes":{"vehicle_type":"1","license_number":"unknown","license_color":"0"}},{"shape_attributes":{"name":"rect","x":1322,"y":742,"width":83,"height":64},"region_attributes":{"vehicle_type":"1","license_number":"unknown","license_color":"0"}},{"shape_attributes":{"name":"rect","x":1574,"y":671,"width":142,"height":143},"region_attributes":{"vehicle_type":"9","license_number":"unknown","license_color":"5"}}],"file_attributes":{}},"132622201609290759580001_374.jpg579496":{"filename":"132622201609290759580001_374.jpg","size":579496,"regions":[],"file_attributes":{}},"132622201609290759580001_375.jpg573906":{"filename":"132622201609290759580001_375.jpg","size":573906,"regions":[],"file_attributes":{}},"132622201609290759580001_376.jpg578665":{"filename":"132622201609290759580001_376.jpg","size":578665,"regions":[{"shape_attributes":{"name":"rect","x":1406,"y":764,"width":120,"height":85},"region_attributes":{"vehicle_type":"1","license_number":"unknown","license_color":"0"}},{"shape_attributes":{"name":"rect","x":1194,"y":674,"width":75,"height":69},"region_attributes":{"vehicle_type":"1","license_number":"unknown","license_color":"0"}}],"file_attributes":{}},"132622201609290759580001_377.jpg581508":{"filename":"132622201609290759580001_377.jpg","size":581508,"regions":[{"shape_attributes":{"name":"rect","x":1267,"y":675,"width":190,"height":92},"region_attributes":{"vehicle_type":"1","license_number":"unknown","license_color":"0"}}],"file_attributes":{}},"132622201609290759580001_378.jpg593914":{"filename":"132622201609290759580001_378.jpg","size":593914,"regions":[{"shape_attributes":{"name":"rect","x":858,"y":759,"width":134,"height":101},"region_attributes":{"vehicle_type":"1","license_number":"unknown","license_color":"0"}},{"shape_attributes":{"name":"rect","x":1050,"y":753,"width":98,"height":87},"region_attributes":{"vehicle_type":"1","license_number":"unknown","license_color":"0"}},{"shape_attributes":{"name":"rect","x":1116,"y":668,"width":69,"height":74},"region_attributes":{"vehicle_type":"1","license_number":"unknown","license_color":"0"}},{"shape_attributes":{"name":"rect","x":1212,"y":918,"width":194,"height":141},"region_attributes":{"vehicle_type":"1","license_number":"unknown","license_color":"0"}},{"shape_attributes":{"name":"rect","x":1539,"y":681,"width":89,"height":65},"region_attributes":{"vehicle_type":"1","license_number":"unknown","license_color":"0"}}],"file_attributes":{}},"132622201609290759580001_379.jpg593611":{"filename":"132622201609290759580001_379.jpg","size":593611,"regions":[{"shape_attributes":{"name":"rect","x":744,"y":908,"width":269,"height":165},"region_attributes":{"vehicle_type":"1","license_number":"unknown","license_color":"0"}},{"shape_attributes":{"name":"rect","x":1557,"y":671,"width":72,"height":74},"region_attributes":{"vehicle_type":"1","license_number":"unknown","license_color":"0"}},{"shape_attributes":{"name":"rect","x":1212,"y":674,"width":72,"height":53},"region_attributes":{"vehicle_type":"1","license_number":"unknown","license_color":"0"}}],"file_attributes":{}},"132622201609290759580001_380.jpg591318":{"filename":"132622201609290759580001_380.jpg","size":591318,"regions":[{"shape_attributes":{"name":"rect","x":843,"y":859,"width":184,"height":145},"region_attributes":{"vehicle_type":"1","license_number":"unknown","license_color":"0"}},{"shape_attributes":{"name":"rect","x":1116,"y":634,"width":73,"height":79},"region_attributes":{"vehicle_type":"12","license_number":"unknown","license_color":"0"}}],"file_attributes":{}},"132622201609290759580001_381.jpg592663":{"filename":"132622201609290759580001_381.jpg","size":592663,"regions":[{"shape_attributes":{"name":"rect","x":514,"y":890,"width":253,"height":169},"region_attributes":{"vehicle_type":"1","license_number":"unknown","license_color":"0"}},{"shape_attributes":{"name":"rect","x":1042,"y":742,"width":121,"height":108},"region_attributes":{"vehicle_type":"1","license_number":"unknown","license_color":"0"}},{"shape_attributes":{"name":"rect","x":1105,"y":674,"width":72,"height":48},"region_attributes":{"vehicle_type":"1","license_number":"unknown","license_color":"0"}},{"shape_attributes":{"name":"rect","x":1563,"y":681,"width":73,"height":77},"region_attributes":{"vehicle_type":"1","license_number":"unknown","license_color":"0"}}],"file_attributes":{}},"132622201609290759580001_382.jpg585358":{"filename":"132622201609290759580001_382.jpg","size":585358,"regions":[{"shape_attributes":{"name":"rect","x":959,"y":804,"width":149,"height":125},"region_attributes":{"vehicle_type":"1","license_number":"unknown","license_color":"0"}},{"shape_attributes":{"name":"rect","x":1116,"y":720,"width":114,"height":84},"region_attributes":{"vehicle_type":"1","license_number":"unknown","license_color":"0"}},{"shape_attributes":{"name":"rect","x":947,"y":710,"width":147,"height":86},"region_attributes":{"vehicle_type":"1","license_number":"unknown","license_color":"0"}},{"shape_attributes":{"name":"rect","x":1575,"y":671,"width":65,"height":69},"region_attributes":{"vehicle_type":"1","license_number":"unknown","license_color":"0"}}],"file_attributes":{}},"132622201609290759580001_383.jpg598863":{"filename":"132622201609290759580001_383.jpg","size":598863,"regions":[{"shape_attributes":{"name":"rect","x":465,"y":876,"width":297,"height":195},"region_attributes":{"vehicle_type":"1","license_number":"unknown","license_color":"0"}},{"shape_attributes":{"name":"rect","x":986,"y":717,"width":105,"height":84},"region_attributes":{"vehicle_type":"1","license_number":"unknown","license_color":"0"}},{"shape_attributes":{"name":"rect","x":1193,"y":668,"width":89,"height":66},"region_attributes":{"vehicle_type":"1","license_number":"unknown","license_color":"0"}},{"shape_attributes":{"name":"rect","x":1407,"y":792,"width":116,"height":89},"region_attributes":{"vehicle_type":"1","license_number":"unknown","license_color":"0"}},{"shape_attributes":{"name":"rect","x":1568,"y":674,"width":78,"height":78},"region_attributes":{"vehicle_type":"1","license_number":"unknown","license_color":"0"}}],"file_attributes":{}},"132622201609290759580001_384.jpg610269":{"filename":"132622201609290759580001_384.jpg","size":610269,"regions":[{"shape_attributes":{"name":"rect","x":602,"y":840,"width":330,"height":231},"region_attributes":{"vehicle_type":"12","license_number":"unknown","license_color":"5"}},{"shape_attributes":{"name":"rect","x":1403,"y":767,"width":107,"height":78},"region_attributes":{"vehicle_type":"1","license_number":"unknown","license_color":"0"}},{"shape_attributes":{"name":"rect","x":1578,"y":662,"width":132,"height":159},"region_attributes":{"vehicle_type":"1","license_number":"unknown","license_color":"5"}},{"shape_attributes":{"name":"rect","x":1131,"y":707,"width":111,"height":80},"region_attributes":{"vehicle_type":"1","license_number":"unknown","license_color":"0"}}],"file_attributes":{}},"132622201609290759580001_385.jpg588814":{"filename":"132622201609290759580001_385.jpg","size":588814,"regions":[{"shape_attributes":{"name":"rect","x":1186,"y":864,"width":175,"height":161},"region_attributes":{"vehicle_type":"1","license_number":"MF9090","license_color":"0"}},{"shape_attributes":{"name":"rect","x":1184,"y":691,"width":67,"height":57},"region_attributes":{"vehicle_type":"1","license_number":"unknown","license_color":"0"}},{"shape_attributes":{"name":"rect","x":1005,"y":719,"width":96,"height":83},"region_attributes":{"vehicle_type":"1","license_number":"unknown","license_color":"0"}},{"shape_attributes":{"name":"rect","x":450,"y":860,"width":291,"height":207},"region_attributes":{"vehicle_type":"1","license_number":"unknown","license_color":"0"}},{"shape_attributes":{"name":"rect","x":1576,"y":684,"width":66,"height":63},"region_attributes":{"vehicle_type":"1","license_number":"unknown","license_color":"0"}}],"file_attributes":{}},"132622201609290759580001_386.jpg582250":{"filename":"132622201609290759580001_386.jpg","size":582250,"regions":[{"shape_attributes":{"name":"rect","x":1395,"y":814,"width":151,"height":129},"region_attributes":{"vehicle_type":"1","license_number":"unknown","license_color":"0"}},{"shape_attributes":{"name":"rect","x":1559,"y":674,"width":89,"height":72},"region_attributes":{"vehicle_type":"1","license_number":"unknown","license_color":"0"}}],"file_attributes":{}},"132622201609290759580001_387.jpg579856":{"filename":"132622201609290759580001_387.jpg","size":579856,"regions":[{"shape_attributes":{"name":"rect","x":1569,"y":678,"width":74,"height":60},"region_attributes":{"vehicle_type":"1","license_number":"unknown","license_color":"0"}}],"file_attributes":{}},"132622201609290759580001_388.jpg582317":{"filename":"132622201609290759580001_388.jpg","size":582317,"regions":[{"shape_attributes":{"name":"rect","x":996,"y":704,"width":90,"height":84},"region_attributes":{"vehicle_type":"1","license_number":"unknown","license_color":"0"}},{"shape_attributes":{"name":"rect","x":1062,"y":756,"width":114,"height":84},"region_attributes":{"vehicle_type":"1","license_number":"unknown","license_color":"0"}},{"shape_attributes":{"name":"rect","x":1266,"y":740,"width":104,"height":87},"region_attributes":{"vehicle_type":"1","license_number":"unknown","license_color":"0"}},{"shape_attributes":{"name":"rect","x":1554,"y":668,"width":96,"height":84},"region_attributes":{"vehicle_type":"1","license_number":"unknown","license_color":"0"}}],"file_attributes":{}},"132622201609290759580001_389.jpg580739":{"filename":"132622201609290759580001_389.jpg","size":580739,"regions":[{"shape_attributes":{"name":"rect","x":1561,"y":677,"width":79,"height":70},"region_attributes":{"vehicle_type":"1","license_number":"unknown","license_color":"0"}},{"shape_attributes":{"name":"rect","x":1420,"y":682,"width":75,"height":42},"region_attributes":{"vehicle_type":"1","license_number":"unknown","license_color":"0"}}],"file_attributes":{}},"132622201609290759580001_390.jpg575329":{"filename":"132622201609290759580001_390.jpg","size":575329,"regions":[{"shape_attributes":{"name":"rect","x":1566,"y":684,"width":80,"height":63},"region_attributes":{"vehicle_type":"1","license_number":"unknown","license_color":"0"}}],"file_attributes":{}}}